SET IDENTITY_INSERT [dbo].[Brand] ON
INSERT INTO [dbo].[Brand] ([Id], [Name], [ImagePath]) VALUES (1, N'Lorem', NULL)
SET IDENTITY_INSERT [dbo].[Brand] OFF
GO

SET IDENTITY_INSERT [dbo].[Category] ON
INSERT INTO [dbo].[Category] ([Id], [Name], [ParentId], [Order], [ImagePath]) VALUES (1, N'Groceries', NULL, 1, NULL)
INSERT INTO [dbo].[Category] ([Id], [Name], [ParentId], [Order], [ImagePath]) VALUES (2, N'Household', NULL, 2, N'b1.jpg')
INSERT INTO [dbo].[Category] ([Id], [Name], [ParentId], [Order], [ImagePath]) VALUES (3, N'Personal Care', NULL, 3, N'b3.jpg')
INSERT INTO [dbo].[Category] ([Id], [Name], [ParentId], [Order], [ImagePath]) VALUES (4, N'Packaged Foods', NULL, 4, NULL)
INSERT INTO [dbo].[Category] ([Id], [Name], [ParentId], [Order], [ImagePath]) VALUES (5, N'Beverages', NULL, 5, N'b1.jpg')
INSERT INTO [dbo].[Category] ([Id], [Name], [ParentId], [Order], [ImagePath]) VALUES (6, N'Dals & Pulses', 1, 1, NULL)
INSERT INTO [dbo].[Category] ([Id], [Name], [ParentId], [Order], [ImagePath]) VALUES (7, N'Almonds', 1, 2, NULL)
INSERT INTO [dbo].[Category] ([Id], [Name], [ParentId], [Order], [ImagePath]) VALUES (8, N'Cashews', 1, 3, NULL)
INSERT INTO [dbo].[Category] ([Id], [Name], [ParentId], [Order], [ImagePath]) VALUES (9, N'Dry Fruit', 1, 4, NULL)
INSERT INTO [dbo].[Category] ([Id], [Name], [ParentId], [Order], [ImagePath]) VALUES (10, N'Mukhwas', 1, 5, NULL)
INSERT INTO [dbo].[Category] ([Id], [Name], [ParentId], [Order], [ImagePath]) VALUES (11, N'Rice & Rice Products', 1, 6, NULL)
INSERT INTO [dbo].[Category] ([Id], [Name], [ParentId], [Order], [ImagePath]) VALUES (12, N'Cookware', 2, 1, NULL)
INSERT INTO [dbo].[Category] ([Id], [Name], [ParentId], [Order], [ImagePath]) VALUES (13, N'Dust Pans', 2, 2, NULL)
INSERT INTO [dbo].[Category] ([Id], [Name], [ParentId], [Order], [ImagePath]) VALUES (14, N'Scrubbers', 2, 3, NULL)
INSERT INTO [dbo].[Category] ([Id], [Name], [ParentId], [Order], [ImagePath]) VALUES (15, N'Dust Cloth', 2, 4, NULL)
INSERT INTO [dbo].[Category] ([Id], [Name], [ParentId], [Order], [ImagePath]) VALUES (16, N'Mops', 2, 5, NULL)
INSERT INTO [dbo].[Category] ([Id], [Name], [ParentId], [Order], [ImagePath]) VALUES (17, N'Kitchenware', 2, 6, NULL)
INSERT INTO [dbo].[Category] ([Id], [Name], [ParentId], [Order], [ImagePath]) VALUES (18, N'Baby Soap', 3, 1, NULL)
INSERT INTO [dbo].[Category] ([Id], [Name], [ParentId], [Order], [ImagePath]) VALUES (19, N'Baby Care Accessories', 3, 2, NULL)
INSERT INTO [dbo].[Category] ([Id], [Name], [ParentId], [Order], [ImagePath]) VALUES (20, N'Baby Oil & Shampoos', 3, 3, NULL)
INSERT INTO [dbo].[Category] ([Id], [Name], [ParentId], [Order], [ImagePath]) VALUES (21, N'Baby Creams & Lotion', 3, 4, NULL)
INSERT INTO [dbo].[Category] ([Id], [Name], [ParentId], [Order], [ImagePath]) VALUES (22, N'Baby Powder', 3, 5, NULL)
INSERT INTO [dbo].[Category] ([Id], [Name], [ParentId], [Order], [ImagePath]) VALUES (23, N'Diapers & Wipes', 3, 6, NULL)
INSERT INTO [dbo].[Category] ([Id], [Name], [ParentId], [Order], [ImagePath]) VALUES (24, N'Baby Food', 4, 1, NULL)
INSERT INTO [dbo].[Category] ([Id], [Name], [ParentId], [Order], [ImagePath]) VALUES (25, N'Dessert Items', 4, 2, NULL)
INSERT INTO [dbo].[Category] ([Id], [Name], [ParentId], [Order], [ImagePath]) VALUES (26, N'Biscuits', 4, 3, NULL)
INSERT INTO [dbo].[Category] ([Id], [Name], [ParentId], [Order], [ImagePath]) VALUES (27, N'Breakfast Cereals', 4, 4, NULL)
INSERT INTO [dbo].[Category] ([Id], [Name], [ParentId], [Order], [ImagePath]) VALUES (28, N'Canned Food', 4, 5, NULL)
INSERT INTO [dbo].[Category] ([Id], [Name], [ParentId], [Order], [ImagePath]) VALUES (29, N'Chocolates & Sweets', 4, 6, NULL)
INSERT INTO [dbo].[Category] ([Id], [Name], [ParentId], [Order], [ImagePath]) VALUES (30, N'Green Tea', 5, 1, NULL)
INSERT INTO [dbo].[Category] ([Id], [Name], [ParentId], [Order], [ImagePath]) VALUES (31, N'Ground Coffee', 5, 2, NULL)
INSERT INTO [dbo].[Category] ([Id], [Name], [ParentId], [Order], [ImagePath]) VALUES (32, N'Herbal Tea', 5, 3, NULL)
INSERT INTO [dbo].[Category] ([Id], [Name], [ParentId], [Order], [ImagePath]) VALUES (33, N'Instant Coffee', 5, 4, NULL)
INSERT INTO [dbo].[Category] ([Id], [Name], [ParentId], [Order], [ImagePath]) VALUES (34, N'Tea', 5, 5, NULL)
INSERT INTO [dbo].[Category] ([Id], [Name], [ParentId], [Order], [ImagePath]) VALUES (35, N'Tea Bags', 5, 6, NULL)
SET IDENTITY_INSERT [dbo].[Category] OFF
GO

SET IDENTITY_INSERT [dbo].[Product] ON
INSERT INTO [dbo].[Product] ([Id], [Name], [Price], [OldPrice], [Description], [ImagePath], [AverageRating], [EndOfferDatetime], [CategoryId], [BrandId], [Summary], [TotalReviews], [StartOfferDatetime]) VALUES (1, N'Toor Dal', 35.99, 55, N'Excepteur sint occaecat cupidatat non proident, sunt in culpa qui officia deserunt mollit anim id est laborum.Duis aute irure dolor in reprehenderit in voluptate velit esse cillum dolore eu fugiat nulla pariatur.', N'1.png', NULL, N'2017-06-29 23:45:00', 1, 1, NULL, NULL, NULL)
INSERT INTO [dbo].[Product] ([Id], [Name], [Price], [OldPrice], [Description], [ImagePath], [AverageRating], [EndOfferDatetime], [CategoryId], [BrandId], [Summary], [TotalReviews], [StartOfferDatetime]) VALUES (2, N'Moong Dal', 30.99, 45, N'Excepteur sint occaecat cupidatat non proident, sunt in culpa qui officia deserunt mollit anim id est laborum.Duis aute irure dolor in reprehenderit in voluptate velit esse cillum dolore eu fugiat nulla pariatur.', N'2.png', NULL, N'2017-05-29 00:00:00', 6, 1, NULL, NULL, NULL)
INSERT INTO [dbo].[Product] ([Id], [Name], [Price], [OldPrice], [Description], [ImagePath], [AverageRating], [EndOfferDatetime], [CategoryId], [BrandId], [Summary], [TotalReviews], [StartOfferDatetime]) VALUES (3, N'Channa', 80.99, 105, N'Excepteur sint occaecat cupidatat non proident, sunt in culpa qui officia deserunt mollit anim id est laborum.Duis aute irure dolor in reprehenderit in voluptate velit esse cillum dolore eu fugiat nulla pariatur.', N'3.png', NULL, N'2017-05-29 00:00:00', 7, NULL, NULL, NULL, NULL)
INSERT INTO [dbo].[Product] ([Id], [Name], [Price], [OldPrice], [Description], [ImagePath], [AverageRating], [EndOfferDatetime], [CategoryId], [BrandId], [Summary], [TotalReviews], [StartOfferDatetime]) VALUES (4, N'Arhar Dal', 35.99, 55, N'Excepteur sint occaecat cupidatat non proident, sunt in culpa qui officia deserunt mollit anim id est laborum.Duis aute irure dolor in reprehenderit in voluptate velit esse cillum dolore eu fugiat nulla pariatur.', N'4.png', NULL, N'2017-05-29 00:00:00', 8, NULL, NULL, NULL, NULL)
INSERT INTO [dbo].[Product] ([Id], [Name], [Price], [OldPrice], [Description], [ImagePath], [AverageRating], [EndOfferDatetime], [CategoryId], [BrandId], [Summary], [TotalReviews], [StartOfferDatetime]) VALUES (5, N'Fry Pan', 20, 55, N'Excepteur sint occaecat cupidatat non proident, sunt in culpa qui officia deserunt mollit anim id est laborum.Duis aute irure dolor in reprehenderit in voluptate velit esse cillum dolore eu fugiat nulla pariatur.', N'hh1.png', NULL, N'2017-05-24 00:00:00', 2, 1, NULL, NULL, NULL)
INSERT INTO [dbo].[Product] ([Id], [Name], [Price], [OldPrice], [Description], [ImagePath], [AverageRating], [EndOfferDatetime], [CategoryId], [BrandId], [Summary], [TotalReviews], [StartOfferDatetime]) VALUES (6, N'Cookware', 35.99, 55, N'Excepteur sint occaecat cupidatat non proident, sunt in culpa qui officia deserunt mollit anim id est laborum.Duis aute irure dolor in reprehenderit in voluptate velit esse cillum dolore eu fugiat nulla pariatur.', N'hh2.png', NULL, N'2017-05-25 00:00:00', 2, 1, NULL, NULL, NULL)
INSERT INTO [dbo].[Product] ([Id], [Name], [Price], [OldPrice], [Description], [ImagePath], [AverageRating], [EndOfferDatetime], [CategoryId], [BrandId], [Summary], [TotalReviews], [StartOfferDatetime]) VALUES (7, N'Dosa Tawa', 35.99, 55, N'Excepteur sint occaecat cupidatat non proident, sunt in culpa qui officia deserunt mollit anim id est laborum.Duis aute irure dolor in reprehenderit in voluptate velit esse cillum dolore eu fugiat nulla pariatur.', N'hh3.png', NULL, N'2017-05-26 00:00:00', 12, NULL, NULL, NULL, NULL)
INSERT INTO [dbo].[Product] ([Id], [Name], [Price], [OldPrice], [Description], [ImagePath], [AverageRating], [EndOfferDatetime], [CategoryId], [BrandId], [Summary], [TotalReviews], [StartOfferDatetime]) VALUES (8, N'Flask', 40, 55, N'Excepteur sint occaecat cupidatat non proident, sunt in culpa qui officia deserunt mollit anim id est laborum.Duis aute irure dolor in reprehenderit in voluptate velit esse cillum dolore eu fugiat nulla pariatur.', N'hh4.png', NULL, N'2017-06-27 23:00:00', 13, NULL, NULL, NULL, NULL)
INSERT INTO [dbo].[Product] ([Id], [Name], [Price], [OldPrice], [Description], [ImagePath], [AverageRating], [EndOfferDatetime], [CategoryId], [BrandId], [Summary], [TotalReviews], [StartOfferDatetime]) VALUES (9, N'Kadai Idly', 35.99, 55, N'Excepteur sint occaecat cupidatat non proident, sunt in culpa qui officia deserunt mollit anim id est laborum.Duis aute irure dolor in reprehenderit in voluptate velit esse cillum dolore eu fugiat nulla pariatur.', N'hh5.png', NULL, N'2017-09-09 00:00:00', 14, NULL, NULL, NULL, NULL)
INSERT INTO [dbo].[Product] ([Id], [Name], [Price], [OldPrice], [Description], [ImagePath], [AverageRating], [EndOfferDatetime], [CategoryId], [BrandId], [Summary], [TotalReviews], [StartOfferDatetime]) VALUES (10, N'Breakfirst Pan', 80, 55, N'Excepteur sint occaecat cupidatat non proident, sunt in culpa qui officia deserunt mollit anim id est laborum.Duis aute irure dolor in reprehenderit in voluptate velit esse cillum dolore eu fugiat nulla pariatur.', N'hh6.png', NULL, NULL, 15, 1, NULL, NULL, NULL)
INSERT INTO [dbo].[Product] ([Id], [Name], [Price], [OldPrice], [Description], [ImagePath], [AverageRating], [EndOfferDatetime], [CategoryId], [BrandId], [Summary], [TotalReviews], [StartOfferDatetime]) VALUES (11, N'Elite Set', 35.99, 55, N'Excepteur sint occaecat cupidatat non proident, sunt in culpa qui officia deserunt mollit anim id est laborum.Duis aute irure dolor in reprehenderit in voluptate velit esse cillum dolore eu fugiat nulla pariatur.', N'hh7.png', NULL, NULL, 16, 1, NULL, NULL, NULL)
INSERT INTO [dbo].[Product] ([Id], [Name], [Price], [OldPrice], [Description], [ImagePath], [AverageRating], [EndOfferDatetime], [CategoryId], [BrandId], [Summary], [TotalReviews], [StartOfferDatetime]) VALUES (12, N'Coated Pan', 35.99, 55, N'Excepteur sint occaecat cupidatat non proident, sunt in culpa qui officia deserunt mollit anim id est laborum.Duis aute irure dolor in reprehenderit in voluptate velit esse cillum dolore eu fugiat nulla pariatur.', N'hh8.png', NULL, NULL, 17, NULL, NULL, NULL, NULL)
INSERT INTO [dbo].[Product] ([Id], [Name], [Price], [OldPrice], [Description], [ImagePath], [AverageRating], [EndOfferDatetime], [CategoryId], [BrandId], [Summary], [TotalReviews], [StartOfferDatetime]) VALUES (13, N'Tadka Pan', 35.99, 55, N'Excepteur sint occaecat cupidatat non proident, sunt in culpa qui officia deserunt mollit anim id est laborum.Duis aute irure dolor in reprehenderit in voluptate velit esse cillum dolore eu fugiat nulla pariatur.', N'hh9.png', NULL, NULL, 12, NULL, NULL, NULL, NULL)
INSERT INTO [dbo].[Product] ([Id], [Name], [Price], [OldPrice], [Description], [ImagePath], [AverageRating], [EndOfferDatetime], [CategoryId], [BrandId], [Summary], [TotalReviews], [StartOfferDatetime]) VALUES (14, N'Baby Lotion', 35.99, 55, N'Excepteur sint occaecat cupidatat non proident, sunt in culpa qui officia deserunt mollit anim id est laborum.Duis aute irure dolor in reprehenderit in voluptate velit esse cillum dolore eu fugiat nulla pariatur.', N'pc1.png', NULL, NULL, 3, NULL, NULL, NULL, NULL)
INSERT INTO [dbo].[Product] ([Id], [Name], [Price], [OldPrice], [Description], [ImagePath], [AverageRating], [EndOfferDatetime], [CategoryId], [BrandId], [Summary], [TotalReviews], [StartOfferDatetime]) VALUES (15, N'Rash Cream', 39.99, 55, N'Excepteur sint occaecat cupidatat non proident, sunt in culpa qui officia deserunt mollit anim id est laborum.Duis aute irure dolor in reprehenderit in voluptate velit esse cillum dolore eu fugiat nulla pariatur.', N'pc2.png', NULL, NULL, 18, NULL, NULL, NULL, NULL)
INSERT INTO [dbo].[Product] ([Id], [Name], [Price], [OldPrice], [Description], [ImagePath], [AverageRating], [EndOfferDatetime], [CategoryId], [BrandId], [Summary], [TotalReviews], [StartOfferDatetime]) VALUES (16, N'Wipes Gental', 39.99, 55, N'Excepteur sint occaecat cupidatat non proident, sunt in culpa qui officia deserunt mollit anim id est laborum.Duis aute irure dolor in reprehenderit in voluptate velit esse cillum dolore eu fugiat nulla pariatur.', N'pc3.png', NULL, N'2017-05-25 00:00:00', 19, NULL, NULL, NULL, NULL)
INSERT INTO [dbo].[Product] ([Id], [Name], [Price], [OldPrice], [Description], [ImagePath], [AverageRating], [EndOfferDatetime], [CategoryId], [BrandId], [Summary], [TotalReviews], [StartOfferDatetime]) VALUES (17, N'Rash Cream', 39.99, 55, N'Excepteur sint occaecat cupidatat non proident, sunt in culpa qui officia deserunt mollit anim id est laborum.Duis aute irure dolor in reprehenderit in voluptate velit esse cillum dolore eu fugiat nulla pariatur.', N'pc4.png', NULL, N'2017-05-26 00:00:00', 20, NULL, NULL, NULL, NULL)
INSERT INTO [dbo].[Product] ([Id], [Name], [Price], [OldPrice], [Description], [ImagePath], [AverageRating], [EndOfferDatetime], [CategoryId], [BrandId], [Summary], [TotalReviews], [StartOfferDatetime]) VALUES (18, N'Baby Lotion', 39.99, 55, N'Excepteur sint occaecat cupidatat non proident, sunt in culpa qui officia deserunt mollit anim id est laborum.Duis aute irure dolor in reprehenderit in voluptate velit esse cillum dolore eu fugiat nulla pariatur.', N'pc5.png', NULL, NULL, 21, NULL, NULL, NULL, NULL)
INSERT INTO [dbo].[Product] ([Id], [Name], [Price], [OldPrice], [Description], [ImagePath], [AverageRating], [EndOfferDatetime], [CategoryId], [BrandId], [Summary], [TotalReviews], [StartOfferDatetime]) VALUES (19, N'Baby Lotion', 39.99, 55, N'Excepteur sint occaecat cupidatat non proident, sunt in culpa qui officia deserunt mollit anim id est laborum.Duis aute irure dolor in reprehenderit in voluptate velit esse cillum dolore eu fugiat nulla pariatur.', N'pc6.png', NULL, N'2017-05-25 00:00:00', 22, NULL, NULL, NULL, NULL)
INSERT INTO [dbo].[Product] ([Id], [Name], [Price], [OldPrice], [Description], [ImagePath], [AverageRating], [EndOfferDatetime], [CategoryId], [BrandId], [Summary], [TotalReviews], [StartOfferDatetime]) VALUES (20, N'Wipes Gental', 39.99, 55, N'Excepteur sint occaecat cupidatat non proident, sunt in culpa qui officia deserunt mollit anim id est laborum.Duis aute irure dolor in reprehenderit in voluptate velit esse cillum dolore eu fugiat nulla pariatur.', N'pc7.png', NULL, NULL, 23, 1, NULL, NULL, NULL)
INSERT INTO [dbo].[Product] ([Id], [Name], [Price], [OldPrice], [Description], [ImagePath], [AverageRating], [EndOfferDatetime], [CategoryId], [BrandId], [Summary], [TotalReviews], [StartOfferDatetime]) VALUES (21, N'Rash Cream', 39.99, 55, N'Excepteur sint occaecat cupidatat non proident, sunt in culpa qui officia deserunt mollit anim id est laborum.Duis aute irure dolor in reprehenderit in voluptate velit esse cillum dolore eu fugiat nulla pariatur.', N'pc8.png', NULL, NULL, 3, NULL, NULL, NULL, NULL)
INSERT INTO [dbo].[Product] ([Id], [Name], [Price], [OldPrice], [Description], [ImagePath], [AverageRating], [EndOfferDatetime], [CategoryId], [BrandId], [Summary], [TotalReviews], [StartOfferDatetime]) VALUES (22, N'Sampann-Toor-Dal', 39.99, 55, N'Excepteur sint occaecat cupidatat non proident, sunt in culpa qui officia deserunt mollit anim id est laborum.Duis aute irure dolor in reprehenderit in voluptate velit esse cillum dolore eu fugiat nulla pariatur.', N'pf1.png', NULL, NULL, 4, NULL, NULL, NULL, NULL)
INSERT INTO [dbo].[Product] ([Id], [Name], [Price], [OldPrice], [Description], [ImagePath], [AverageRating], [EndOfferDatetime], [CategoryId], [BrandId], [Summary], [TotalReviews], [StartOfferDatetime]) VALUES (23, N'Parryss-Sugar', 39.99, 55, N'Excepteur sint occaecat cupidatat non proident, sunt in culpa qui officia deserunt mollit anim id est laborum.Duis aute irure dolor in reprehenderit in voluptate velit esse cillum dolore eu fugiat nulla pariatur.', N'pf2.png', NULL, N'2017-05-25 00:00:00', 24, NULL, NULL, NULL, NULL)
INSERT INTO [dbo].[Product] ([Id], [Name], [Price], [OldPrice], [Description], [ImagePath], [AverageRating], [EndOfferDatetime], [CategoryId], [BrandId], [Summary], [TotalReviews], [StartOfferDatetime]) VALUES (24, N'Sampann-Toor-Dal', 39.99, 55, N'Excepteur sint occaecat cupidatat non proident, sunt in culpa qui officia deserunt mollit anim id est laborum.Duis aute irure dolor in reprehenderit in voluptate velit esse cillum dolore eu fugiat nulla pariatur.', N'pf3.png', NULL, NULL, 25, NULL, NULL, NULL, NULL)
INSERT INTO [dbo].[Product] ([Id], [Name], [Price], [OldPrice], [Description], [ImagePath], [AverageRating], [EndOfferDatetime], [CategoryId], [BrandId], [Summary], [TotalReviews], [StartOfferDatetime]) VALUES (25, N'Saffola-Gold', 39.99, 55, N'Excepteur sint occaecat cupidatat non proident, sunt in culpa qui officia deserunt mollit anim id est laborum.Duis aute irure dolor in reprehenderit in voluptate velit esse cillum dolore eu fugiat nulla pariatur.', N'pf4.png', NULL, NULL, 26, NULL, NULL, NULL, NULL)
INSERT INTO [dbo].[Product] ([Id], [Name], [Price], [OldPrice], [Description], [ImagePath], [AverageRating], [EndOfferDatetime], [CategoryId], [BrandId], [Summary], [TotalReviews], [StartOfferDatetime]) VALUES (26, N'Sampann-Toor-Dal', 39.99, 55, N'Excepteur sint occaecat cupidatat non proident, sunt in culpa qui officia deserunt mollit anim id est laborum.Duis aute irure dolor in reprehenderit in voluptate velit esse cillum dolore eu fugiat nulla pariatur.', N'pf5.png', NULL, NULL, 27, NULL, NULL, NULL, NULL)
INSERT INTO [dbo].[Product] ([Id], [Name], [Price], [OldPrice], [Description], [ImagePath], [AverageRating], [EndOfferDatetime], [CategoryId], [BrandId], [Summary], [TotalReviews], [StartOfferDatetime]) VALUES (27, N'Parryss-Sugar', 39.99, 55, N'Excepteur sint occaecat cupidatat non proident, sunt in culpa qui officia deserunt mollit anim id est laborum.Duis aute irure dolor in reprehenderit in voluptate velit esse cillum dolore eu fugiat nulla pariatur.', N'pf6.png', NULL, NULL, 28, NULL, NULL, NULL, NULL)
INSERT INTO [dbo].[Product] ([Id], [Name], [Price], [OldPrice], [Description], [ImagePath], [AverageRating], [EndOfferDatetime], [CategoryId], [BrandId], [Summary], [TotalReviews], [StartOfferDatetime]) VALUES (28, N'Parryss-Sugar', 39.99, 55, N'Excepteur sint occaecat cupidatat non proident, sunt in culpa qui officia deserunt mollit anim id est laborum.Duis aute irure dolor in reprehenderit in voluptate velit esse cillum dolore eu fugiat nulla pariatur.', N'pf7.png', NULL, NULL, 29, NULL, NULL, NULL, NULL)
INSERT INTO [dbo].[Product] ([Id], [Name], [Price], [OldPrice], [Description], [ImagePath], [AverageRating], [EndOfferDatetime], [CategoryId], [BrandId], [Summary], [TotalReviews], [StartOfferDatetime]) VALUES (29, N'Saffola-Gold', 39.99, 55, N'Excepteur sint occaecat cupidatat non proident, sunt in culpa qui officia deserunt mollit anim id est laborum.Duis aute irure dolor in reprehenderit in voluptate velit esse cillum dolore eu fugiat nulla pariatur.', N'pf8.png', NULL, NULL, 29, NULL, NULL, NULL, NULL)
INSERT INTO [dbo].[Product] ([Id], [Name], [Price], [OldPrice], [Description], [ImagePath], [AverageRating], [EndOfferDatetime], [CategoryId], [BrandId], [Summary], [TotalReviews], [StartOfferDatetime]) VALUES (30, N'Saffola-Gold', 39.99, 55, N'Excepteur sint occaecat cupidatat non proident, sunt in culpa qui officia deserunt mollit anim id est laborum.Duis aute irure dolor in reprehenderit in voluptate velit esse cillum dolore eu fugiat nulla pariatur.', N'pf9.png', NULL, NULL, 4, NULL, NULL, NULL, NULL)
INSERT INTO [dbo].[Product] ([Id], [Name], [Price], [OldPrice], [Description], [ImagePath], [AverageRating], [EndOfferDatetime], [CategoryId], [BrandId], [Summary], [TotalReviews], [StartOfferDatetime]) VALUES (31, N'Frooti', 39.99, 55, N'Excepteur sint occaecat cupidatat non proident, sunt in culpa qui officia deserunt mollit anim id est laborum.Duis aute irure dolor in reprehenderit in voluptate velit esse cillum dolore eu fugiat nulla pariatur.', N'bv1.png', NULL, NULL, 5, NULL, NULL, NULL, NULL)
INSERT INTO [dbo].[Product] ([Id], [Name], [Price], [OldPrice], [Description], [ImagePath], [AverageRating], [EndOfferDatetime], [CategoryId], [BrandId], [Summary], [TotalReviews], [StartOfferDatetime]) VALUES (32, N'Tropicana', 39.99, 55, N'Excepteur sint occaecat cupidatat non proident, sunt in culpa qui officia deserunt mollit anim id est laborum.Duis aute irure dolor in reprehenderit in voluptate velit esse cillum dolore eu fugiat nulla pariatur.', N'bv2.png', NULL, NULL, 30, NULL, NULL, NULL, NULL)
INSERT INTO [dbo].[Product] ([Id], [Name], [Price], [OldPrice], [Description], [ImagePath], [AverageRating], [EndOfferDatetime], [CategoryId], [BrandId], [Summary], [TotalReviews], [StartOfferDatetime]) VALUES (33, N'Tropicana', 39.99, 55, N'Excepteur sint occaecat cupidatat non proident, sunt in culpa qui officia deserunt mollit anim id est laborum.Duis aute irure dolor in reprehenderit in voluptate velit esse cillum dolore eu fugiat nulla pariatur.', N'bv3.png', NULL, NULL, 31, NULL, NULL, NULL, NULL)
INSERT INTO [dbo].[Product] ([Id], [Name], [Price], [OldPrice], [Description], [ImagePath], [AverageRating], [EndOfferDatetime], [CategoryId], [BrandId], [Summary], [TotalReviews], [StartOfferDatetime]) VALUES (34, N'Coca Cola', 39.99, 55, N'Excepteur sint occaecat cupidatat non proident, sunt in culpa qui officia deserunt mollit anim id est laborum.Duis aute irure dolor in reprehenderit in voluptate velit esse cillum dolore eu fugiat nulla pariatur.', N'bv4.png', NULL, NULL, 32, NULL, NULL, NULL, NULL)
INSERT INTO [dbo].[Product] ([Id], [Name], [Price], [OldPrice], [Description], [ImagePath], [AverageRating], [EndOfferDatetime], [CategoryId], [BrandId], [Summary], [TotalReviews], [StartOfferDatetime]) VALUES (35, N'Coca Cola', 39.99, 55, N'Excepteur sint occaecat cupidatat non proident, sunt in culpa qui officia deserunt mollit anim id est laborum.Duis aute irure dolor in reprehenderit in voluptate velit esse cillum dolore eu fugiat nulla pariatur.', N'bv5.png', NULL, NULL, 33, NULL, NULL, NULL, NULL)
INSERT INTO [dbo].[Product] ([Id], [Name], [Price], [OldPrice], [Description], [ImagePath], [AverageRating], [EndOfferDatetime], [CategoryId], [BrandId], [Summary], [TotalReviews], [StartOfferDatetime]) VALUES (36, N'Appy', 39.99, 55, N'Excepteur sint occaecat cupidatat non proident, sunt in culpa qui officia deserunt mollit anim id est laborum.Duis aute irure dolor in reprehenderit in voluptate velit esse cillum dolore eu fugiat nulla pariatur.', N'bv6.png', NULL, NULL, 34, NULL, NULL, NULL, NULL)
INSERT INTO [dbo].[Product] ([Id], [Name], [Price], [OldPrice], [Description], [ImagePath], [AverageRating], [EndOfferDatetime], [CategoryId], [BrandId], [Summary], [TotalReviews], [StartOfferDatetime]) VALUES (37, N'Real

', 39.99, 55, N'Excepteur sint occaecat cupidatat non proident, sunt in culpa qui officia deserunt mollit anim id est laborum.Duis aute irure dolor in reprehenderit in voluptate velit esse cillum dolore eu fugiat nulla pariatur.', N'bv7.png', NULL, NULL, 35, NULL, NULL, NULL, NULL)
INSERT INTO [dbo].[Product] ([Id], [Name], [Price], [OldPrice], [Description], [ImagePath], [AverageRating], [EndOfferDatetime], [CategoryId], [BrandId], [Summary], [TotalReviews], [StartOfferDatetime]) VALUES (38, N'Red Bull', 39.99, 55, N'Excepteur sint occaecat cupidatat non proident, sunt in culpa qui officia deserunt mollit anim id est laborum.Duis aute irure dolor in reprehenderit in voluptate velit esse cillum dolore eu fugiat nulla pariatur.', N'bv8.png', NULL, NULL, 34, NULL, NULL, NULL, NULL)
INSERT INTO [dbo].[Product] ([Id], [Name], [Price], [OldPrice], [Description], [ImagePath], [AverageRating], [EndOfferDatetime], [CategoryId], [BrandId], [Summary], [TotalReviews], [StartOfferDatetime]) VALUES (39, N'Minute Maid', 39.99, 55, N'Excepteur sint occaecat cupidatat non proident, sunt in culpa qui officia deserunt mollit anim id est laborum.Duis aute irure dolor in reprehenderit in voluptate velit esse cillum dolore eu fugiat nulla pariatur.', N'bv9.png', NULL, NULL, 32, NULL, NULL, NULL, NULL)
SET IDENTITY_INSERT [dbo].[Product] OFF
GO

SET IDENTITY_INSERT [dbo].[OrderStatus] ON
INSERT INTO [dbo].[OrderStatus] ([Id], [Name]) VALUES (1, N'Waiting')
INSERT INTO [dbo].[OrderStatus] ([Id], [Name]) VALUES (2, N'Processing')
INSERT INTO [dbo].[OrderStatus] ([Id], [Name]) VALUES (3, N'Delivering')
INSERT INTO [dbo].[OrderStatus] ([Id], [Name]) VALUES (4, N'Done')
INSERT INTO [dbo].[OrderStatus] ([Id], [Name]) VALUES (5, N'Cancel')
INSERT INTO [dbo].[OrderStatus] ([Id], [Name]) VALUES (6, N'Delete')
SET IDENTITY_INSERT [dbo].[OrderStatus] OFF
GO